id,handle,title,updated_at,body_html,published_at,sort_order,template_suffix,disjunctive,rules,published_scope,admin_graphql_api_id,image,SEO Title,SEO Description,Remove
417472020703,hpe-storage,HPE Storage,2023-05-12T11:03:20-05:00,,2023-05-12T11:03:20-05:00,best-selling,,False,vendor|equals|HPE Storage*and*tag|equals|HPE Storage,web,gid://shopify/Collection/417472020703,,,None,False
417467662559,hsm-of-america-llc,Hsm Of America Llc,2023-05-12T11:01:10-05:00,,2023-05-12T11:01:09-05:00,best-selling,,False,vendor|equals|Hsm Of America Llc*and*tag|equals|Hsm Of America Llc,web,gid://shopify/Collection/417467662559,,None,None,False
417475690719,htc,Htc,2023-05-12T12:45:11-05:00,,2023-05-12T12:45:11-05:00,best-selling,,False,vendor|equals|Htc*and*tag|equals|Htc,web,gid://shopify/Collection/417475690719,,,None,False
417472577759,hynix,HYNIX,2023-05-12T11:03:37-05:00,,2023-05-12T11:03:37-05:00,best-selling,,False,vendor|equals|HYNIX*and*tag|equals|HYNIX,web,gid://shopify/Collection/417472577759,,None,,False
417476018399,name-1,IBM,2023-05-12T12:45:42-05:00,,2023-05-12T12:45:41-05:00,best-selling,,False,vendor|equals|IBM*and*tag|equals|IBM,web,gid://shopify/Collection/417476018399,,,None,False
417467695327,ibm-corporation,Ibm Corporation,2023-05-12T11:01:11-05:00,,2023-05-12T11:01:10-05:00,best-selling,,False,vendor|equals|Ibm Corporation*and*tag|equals|Ibm Corporation,web,gid://shopify/Collection/417467695327,,None,None,False
417475985631,ibm-lenovo,IBM LENOVO,2023-05-12T12:45:41-05:00,,2023-05-12T12:45:40-05:00,best-selling,,False,vendor|equals|IBM LENOVO*and*tag|equals|IBM LENOVO,web,gid://shopify/Collection/417475985631,,,None,False
417472315615,ibmlenovo,IBM/LENOVO,2023-05-12T11:03:29-05:00,,2023-05-12T11:03:29-05:00,best-selling,,False,vendor|equals|IBM/LENOVO*and*tag|equals|IBM/LENOVO,web,gid://shopify/Collection/417472315615,,,None,False
417476182239,imicro,IMICRO,2023-05-12T12:45:52-05:00,,2023-05-12T12:45:51-05:00,best-selling,,False,vendor|equals|IMICRO*and*tag|equals|IMICRO,web,gid://shopify/Collection/417476182239,,,None,False
417468678367,impact,IMPACT,2023-05-12T11:01:40-05:00,,2023-05-12T11:01:39-05:00,best-selling,,False,vendor|equals|IMPACT*and*tag|equals|IMPACT,web,gid://shopify/Collection/417468678367,,,None,False
417465434335,impact-printer-ribbons,impact-printer-ribbons,2023-05-12T10:58:33-05:00,,2023-05-12T10:58:32-05:00,best-selling,,False,vendor|equals|impact-printer-ribbons*and*tag|equals|impact-printer-ribbons*and*tag|equals|Printronix Inc*and*tag|equals|printronix-inc*and*tag|equals|ribbon*and*tag|equals|miscellaneous*and*tag|equals|in_,web,gid://shopify/Collection/417465434335,,None,None,False
417473167583,in-win,IN-WIN,2023-05-12T11:03:56-05:00,,2023-05-12T11:03:55-05:00,best-selling,,False,vendor|equals|IN-WIN*and*tag|equals|IN-WIN,web,gid://shopify/Collection/417473167583,,,None,False
417470021855,intel-corp,Intel Corp.,2023-05-12T11:02:20-05:00,,2023-05-12T11:02:20-05:00,best-selling,,False,vendor|equals|Intel Corp.*and*tag|equals|Intel Corp.,web,gid://shopify/Collection/417470021855,,,None,False
417470120159,intex-development-co-ltd,Intex Development Co. Ltd,2023-05-12T11:02:23-05:00,,2023-05-12T11:02:23-05:00,best-selling,,False,vendor|equals|Intex Development Co. Ltd*and*tag|equals|Intex Development Co. Ltd,web,gid://shopify/Collection/417470120159,,,None,False
417471463647,inwin-development,Inwin Development,2023-05-12T11:03:03-05:00,,2023-05-12T11:03:03-05:00,best-selling,,False,vendor|equals|Inwin Development*and*tag|equals|Inwin Development,web,gid://shopify/Collection/417471463647,,,None,False
417466876127,in,in_,2023-05-12T10:59:14-05:00,,2023-05-12T10:59:14-05:00,best-selling,,False,vendor|equals|in*and*tag|equals|in_*and*tag|equals|HEWLETT-PACKARD*and*tag|equals|hewlett-packard,web,gid://shopify/Collection/417466876127,,,None,False
417471529183,iogear-inc,Iogear Inc,2023-05-12T11:03:05-05:00,,2023-05-12T11:03:05-05:00,best-selling,,False,vendor|equals|Iogear Inc*and*tag|equals|Iogear Inc,web,gid://shopify/Collection/417471529183,,,None,False
417468874975,joy-systems-inc,Joy Systems Inc,2023-05-12T11:01:45-05:00,,2023-05-12T11:01:45-05:00,best-selling,,False,vendor|equals|Joy Systems Inc*and*tag|equals|Joy Systems Inc,web,gid://shopify/Collection/417468874975,,,None,False
417471594719,jvc-america,JVC America,2023-05-12T11:03:07-05:00,,2023-05-12T11:03:07-05:00,best-selling,,False,vendor|equals|JVC America*and*tag|equals|JVC America,web,gid://shopify/Collection/417471594719,,,None,False
417473233119,kasda,KASDA,2023-05-12T11:03:58-05:00,,2023-05-12T11:03:57-05:00,best-selling,,False,vendor|equals|KASDA*and*tag|equals|KASDA,web,gid://shopify/Collection/417473233119,,,None,False
417469694175,kaz-inc,Kaz Inc,2023-05-12T11:02:10-05:00,,2023-05-12T11:02:10-05:00,best-selling,,False,vendor|equals|Kaz Inc*and*tag|equals|Kaz Inc,web,gid://shopify/Collection/417469694175,,,None,False
417467760863,kensington-computer-products-group,Kensington Computer Products Group,2023-05-12T11:01:12-05:00,,2023-05-12T11:01:12-05:00,best-selling,,False,vendor|equals|Kensington Computer Products Group*and*tag|equals|Kensington Computer Products Group,web,gid://shopify/Collection/417467760863,,None,None,False
417467728095,kicteam-inc,Kicteam Inc.,2023-05-12T11:01:12-05:00,,2023-05-12T11:01:11-05:00,best-selling,,False,vendor|equals|Kicteam Inc.*and*tag|equals|Kicteam Inc.,web,gid://shopify/Collection/417467728095,,None,None,False
417471365343,kingston,Kingston,2023-05-12T11:03:00-05:00,,2023-05-12T11:03:00-05:00,best-selling,,False,vendor|equals|Kingston*and*tag|equals|Kingston,web,gid://shopify/Collection/417471365343,,,None,False
417471725791,kingston-technology,Kingston Technology,2023-05-12T11:03:11-05:00,,2023-05-12T11:03:11-05:00,best-selling,,False,vendor|equals|Kingston Technology*and*tag|equals|Kingston Technology,web,gid://shopify/Collection/417471725791,,,None,False
417475789023,kingston-value-ram,Kingston Value Ram,2023-05-12T12:45:29-05:00,,2023-05-12T12:45:29-05:00,best-selling,,False,vendor|equals|Kingston Value Ram*and*tag|equals|Kingston Value Ram,web,gid://shopify/Collection/417475789023,,None,,False
417474674911,kleenex,KLEENEX,2023-05-12T12:44:31-05:00,,2023-05-12T12:44:31-05:00,best-selling,,False,vendor|equals|KLEENEX*and*tag|equals|KLEENEX,web,gid://shopify/Collection/417474674911,,,None,False
417467793631,konica-minolta,Konica Minolta,2023-05-12T11:01:13-05:00,,2023-05-12T11:01:13-05:00,best-selling,,False,vendor|equals|Konica Minolta*and*tag|equals|Konica Minolta,web,gid://shopify/Collection/417467793631,,None,None,False
417471267039,koss-corporation,Koss Corporation,2023-05-12T11:02:57-05:00,,2023-05-12T11:02:57-05:00,best-selling,,False,vendor|equals|Koss Corporation*and*tag|equals|Koss Corporation,web,gid://shopify/Collection/417471267039,,,None,False
417474543839,kresto,KRESTO,2023-05-12T12:44:26-05:00,,2023-05-12T12:44:26-05:00,best-selling,,False,vendor|equals|KRESTO*and*tag|equals|KRESTO,web,gid://shopify/Collection/417474543839,,,None,False
417467826399,kyocera-corporation,Kyocera Corporation,2023-05-12T11:01:14-05:00,,2023-05-12T11:01:13-05:00,best-selling,,False,vendor|equals|Kyocera Corporation*and*tag|equals|Kyocera Corporation,web,gid://shopify/Collection/417467826399,,None,None,False
417465172191,label-makers,label-makers,2023-05-12T10:58:26-05:00,,2023-05-12T10:58:25-05:00,best-selling,,False,vendor|equals|label-makers*and*tag|equals|label-makers*and*tag|equals|DYMO*and*tag|equals|dymo*and*tag|equals|office-equipment-supplies*and*tag|equals|in_,web,gid://shopify/Collection/417465172191,,None,None,False
417465729247,laptop-cooling-pads,laptop-cooling-pads,2023-05-12T10:58:40-05:00,,2023-05-12T10:58:40-05:00,best-selling,,False,vendor|equals|laptop-cooling-pads*and*tag|equals|laptop-cooling-pads*and*tag|equals|XEROX*and*tag|equals|xerox*and*tag|equals|pads-protectors*and*tag|equals|office-equipment-supplies*and*tag|equals|in_,web,gid://shopify/Collection/417465729247,,None,None,False
417465106655,laser-printers,laser-printers,2023-05-12T10:58:24-05:00,,2023-05-12T10:58:24-05:00,best-selling,,False,vendor|equals|laser-printers*and*tag|equals|laser-printers*and*tag|equals|XEROX*and*tag|equals|xerox*and*tag|equals|printers*and*tag|equals|laser-inkjet-printers*and*tag|equals|inkjet-ink*and*tag|equals|in_,web,gid://shopify/Collection/417465106655,,None,None,False
417469858015,lasko-products,Lasko Products,2023-05-12T11:02:15-05:00,,2023-05-12T11:02:15-05:00,best-selling,,False,vendor|equals|Lasko Products*and*tag|equals|Lasko Products,web,gid://shopify/Collection/417469858015,,,None,False
417469759711,lenovo-group-limited,Lenovo Group Limited,2023-05-12T11:02:12-05:00,,2023-05-12T11:02:12-05:00,best-selling,,False,vendor|equals|Lenovo Group Limited*and*tag|equals|Lenovo Group Limited,web,gid://shopify/Collection/417469759711,,,None,False
417467859167,lexmark-international-inc,Lexmark International Inc,2023-05-12T11:01:15-05:00,,2023-05-12T11:01:14-05:00,best-selling,,False,vendor|equals|Lexmark International Inc*and*tag|equals|Lexmark International Inc,web,gid://shopify/Collection/417467859167,,None,None,False
417472676063,lg,LG,2023-05-12T11:03:41-05:00,,2023-05-12T11:03:40-05:00,best-selling,,False,vendor|equals|LG*and*tag|equals|LG,web,gid://shopify/Collection/417472676063,,,None,False
417470054623,lg-commercial,LG Commercial,2023-05-12T11:02:21-05:00,,2023-05-12T11:02:21-05:00,best-selling,,False,vendor|equals|LG Commercial*and*tag|equals|LG Commercial,web,gid://shopify/Collection/417470054623,,None,,False
417476280543,lian-li,LIAN-LI,2023-05-12T12:45:56-05:00,,2023-05-12T12:45:55-05:00,best-selling,,False,vendor|equals|LIAN-LI*and*tag|equals|LIAN-LI,web,gid://shopify/Collection/417476280543,,,None,False
417472839903,lifesense,Lifesense,2023-05-12T11:03:46-05:00,,2023-05-12T11:03:45-05:00,best-selling,,False,vendor|equals|Lifesense*and*tag|equals|Lifesense,web,gid://shopify/Collection/417472839903,,,None,False
417469661407,lipper-international-inc,Lipper International Inc,2023-05-12T11:02:09-05:00,,2023-05-12T11:02:09-05:00,best-selling,,False,vendor|equals|Lipper International Inc*and*tag|equals|Lipper International Inc,web,gid://shopify/Collection/417469661407,,,None,False
417467891935,logitech,Logitech,2023-05-12T11:01:16-05:00,,2023-05-12T11:01:15-05:00,best-selling,,False,vendor|equals|Logitech*and*tag|equals|Logitech,web,gid://shopify/Collection/417467891935,,None,None,False
417470513375,logitech-core,Logitech Core,2023-05-12T11:02:35-05:00,,2023-05-12T11:02:35-05:00,best-selling,,False,vendor|equals|Logitech Core*and*tag|equals|Logitech Core,web,gid://shopify/Collection/417470513375,,,None,False
417475657951,logitech-vc,Logitech VC,2023-05-12T12:45:10-05:00,,2023-05-12T12:45:10-05:00,best-selling,,False,vendor|equals|Logitech VC*and*tag|equals|Logitech VC,web,gid://shopify/Collection/417475657951,,,None,False
417472774367,lsi,LSI,2023-05-12T11:03:44-05:00,,2023-05-12T11:03:43-05:00,best-selling,,False,vendor|equals|LSI*and*tag|equals|LSI,web,gid://shopify/Collection/417472774367,,,None,False
417468285151,lysol,LYSOL,2023-05-12T11:01:28-05:00,,2023-05-12T11:01:27-05:00,best-selling,,False,vendor|equals|LYSOL*and*tag|equals|LYSOL,web,gid://shopify/Collection/417468285151,,,None,False
417475821791,magic-chef,Magic Chef;,2023-05-12T12:45:31-05:00,,2023-05-12T12:45:30-05:00,best-selling,,False,vendor|equals|Magic Chef;*and*tag|equals|Magic Chef;,web,gid://shopify/Collection/417475821791,,,None,False
417475133663,manhattan,Manhattan,2023-05-12T12:44:48-05:00,,2023-05-12T12:44:48-05:00,best-selling,,False,vendor|equals|Manhattan*and*tag|equals|Manhattan,web,gid://shopify/Collection/417475133663,,,None,False
417471856863,mantelmount,MANTELMOUNT,2023-05-12T11:03:15-05:00,,2023-05-12T11:03:15-05:00,best-selling,,False,vendor|equals|MANTELMOUNT*and*tag|equals|MANTELMOUNT,web,gid://shopify/Collection/417471856863,,,None,False
